Team 1,Score 1,Team 2,Score 2,Elo Rating 1,Elo Rating 2,New Elo Rating 1,New Elo Rating 2,Week,Year
KC,34,HOU,20,1500.0,1500.0,1524.7,1475.3,1,2020
SEA,38,ATL,25,1500.0,1500.0,1524.7,1475.3,1,2020
BUF,27,NYJ,17,1500.0,1500.0,1524.7,1475.3,1,2020
CHI,27,DET,23,1500.0,1500.0,1524.7,1475.3,1,2020
GB,43,MIN,34,1500.0,1500.0,1524.7,1475.3,1,2020
NE,21,MIA,11,1500.0,1500.0,1524.7,1475.3,1,2020
WSH,27,PHI,17,1500.0,1500.0,1524.7,1475.3,1,2020
LV,34,CAR,30,1500.0,1500.0,1524.7,1475.3,1,2020
JAX,27,IND,20,1500.0,1500.0,1524.7,1475.3,1,2020
BAL,38,CLE,6,1500.0,1500.0,1524.7,1475.3,1,2020
LAC,16,CIN,13,1500.0,1500.0,1524.7,1475.3,1,2020
NO,34,TB,23,1500.0,1500.0,1524.7,1475.3,1,2020
ARI,24,SF,20,1500.0,1500.0,1524.7,1475.3,1,2020
LAR,20,DAL,17,1500.0,1500.0,1524.7,1475.3,1,2020
PIT,26,NYG,16,1500.0,1500.0,1524.7,1475.3,1,2020
TEN,16,DEN,14,1500.0,1500.0,1524.7,1475.3,1,2020
CLE,35,CIN,30,1475.3,1475.3,1499.7,1450.8999999999999,2,2020
CHI,17,NYG,13,1524.7,1475.3,1545.6538865501484,1454.3461134498516,2,2020
DAL,40,ATL,39,1475.3,1475.3,1499.7,1450.8999999999999,2,2020
GB,42,DET,21,1524.7,1475.3,1545.6538865501484,1454.3461134498516,2,2020
TEN,33,JAX,30,1524.7,1524.7,1549.1000000000001,1500.3,2,2020
IND,28,MIN,11,1475.3,1475.3,1499.7,1450.8999999999999,2,2020
BUF,31,MIA,28,1524.7,1475.3,1545.6538865501484,1454.3461134498516,2,2020
SF,31,NYJ,13,1475.3,1475.3,1499.7,1450.8999999999999,2,2020
LAR,37,PHI,19,1524.7,1475.3,1545.6538865501484,1454.3461134498516,2,2020
PIT,26,DEN,21,1524.7,1475.3,1545.6538865501484,1454.3461134498516,2,2020
TB,31,CAR,17,1475.3,1475.3,1499.7,1450.8999999999999,2,2020
ARI,30,WSH,15,1524.7,1524.7,1549.1000000000001,1500.3,2,2020
KC,23,LAC,20,1524.7,1524.7,1549.1000000000001,1500.3,2,2020
BAL,33,HOU,16,1524.7,1475.3,1545.6538865501484,1454.3461134498516,2,2020
SEA,35,NE,30,1524.7,1524.7,1549.1000000000001,1500.3,2,2020
LV,34,NO,24,1524.7,1524.7,1549.1000000000001,1500.3,2,2020
MIA,31,JAX,13,1454.3461134498516,1500.3,1481.6152629281846,1473.030850521667,3,2020
CHI,30,ATL,26,1545.6538865501484,1450.8999999999999,1563.3394948076943,1433.214391742454,3,2020
BUF,35,LAR,32,1545.6538865501484,1545.6538865501484,1569.7538865501483,1521.5538865501485,3,2020
CLE,34,WSH,20,1499.7,1500.3,1523.841619184182,1476.158380815818,3,2020
TEN,31,MIN,30,1549.1000000000001,1450.8999999999999,1566.5640929493272,1433.4359070506728,3,2020
NE,36,LV,20,1500.3,1549.1000000000001,1527.7629442488694,1521.6370557511307,3,2020
SF,36,NYG,9,1499.7,1454.3461134498516,1520.671759306814,1433.3743541430376,3,2020
CIN,23,PHI,23,1450.8999999999999,1454.3461134498516,1427.0390331162255,1478.207080333626,3,2020
PIT,28,HOU,21,1545.6538865501484,1454.3461134498516,1563.5621827464424,1436.4378172535576,3,2020
IND,36,NYJ,7,1499.7,1450.8999999999999,1520.4370557511306,1430.1629442488693,3,2020
CAR,21,LAC,16,1450.8999999999999,1500.3,1478.4037432025173,1472.7962567974826,3,2020
TB,28,DEN,10,1499.7,1454.3461134498516,1520.671759306814,1433.3743541430376,3,2020
DET,26,ARI,23,1454.3461134498516,1549.1000000000001,1484.8605051923057,1518.585608257546,3,2020
SEA,38,DAL,31,1549.1000000000001,1499.7,1569.7962567974828,1479.0037432025174,3,2020
GB,37,NO,30,1545.6538865501484,1500.3,1566.6256458569624,1479.328240693186,3,2020
KC,34,BAL,20,1549.1000000000001,1545.6538865501484,1572.9609668837745,1521.792919666374,3,2020
DEN,37,NYJ,28,1433.3743541430376,1430.1629442488693,1456.9543727074517,1406.5829256844552,4,2020
CIN,33,JAX,25,1427.0390331162255,1473.030850521667,1453.9712859692293,1446.0985976686632,4,2020
CLE,49,DAL,38,1523.841619184182,1479.0037432025174,1544.5870780668656,1458.2582843198338,4,2020
NO,35,DET,29,1479.328240693186,1484.8605051923057,1503.5071793331078,1460.6815665523839,4,2020
SEA,31,MIA,23,1569.7962567974828,1481.6152629281846,1587.6821387406928,1463.7293809849746,4,2020
TB,38,LAC,31,1520.671759306814,1472.7962567974826,1541.2127970504744,1452.2552190538222,4,2020
BAL,31,WSH,17,1521.792919666374,1476.158380815818,1542.484720416608,1455.466580065584,4,2020
CAR,31,ARI,21,1478.4037432025173,1518.585608257546,1504.944070653158,1492.0452808069053,4,2020
MIN,31,HOU,23,1433.4359070506728,1436.4378172535576,1457.4415385057912,1412.4321857984391,4,2020
LAR,17,NYG,9,1521.5538865501485,1433.3743541430376,1539.4398624245837,1415.4883782686024,4,2020
IND,19,CHI,11,1520.4370557511306,1563.3394948076943,1547.1611076405304,1536.6154429182945,4,2020
BUF,30,LV,23,1569.7538865501483,1521.6370557511307,1590.2787043583205,1501.1122379429585,4,2020
PHI,25,SF,20,1478.207080333626,1520.671759306814,1504.9015929078867,1493.9772467325533,4,2020
KC,26,NE,10,1572.9609668837745,1527.7629442488694,1593.6821646389556,1507.0417464936884,4,2020
GB,30,ATL,16,1566.6256458569624,1433.214391742454,1581.7108904460833,1418.129147153333,4,2020
CHI,20,TB,19,1536.6154429182945,1541.2127970504744,1560.4263826191059,1517.401857349663,5,2020
CAR,23,ATL,16,1504.944070653158,1418.129147153333,1522.6912780190062,1400.3819397874847,5,2020
LV,40,KC,32,1501.1122379429585,1593.6821646389556,1530.729451866419,1564.0649507154951,5,2020
ARI,30,NYJ,10,1492.0452808069053,1406.5829256844552,1509.8785729404854,1388.7496335508752,5,2020
PIT,38,PHI,29,1563.5621827464424,1504.9015929078867,1583.131749012386,1485.332026641943,5,2020
LAR,30,WSH,10,1539.4398624245837,1455.466580065584,1557.368114207598,1437.5383282825696,5,2020
BAL,27,CIN,3,1542.484720416608,1453.9712859692293,1560.1240577876945,1436.3319485981428,5,2020
HOU,30,JAX,14,1412.4321857984391,1446.0985976686632,1438.2022288249216,1420.3285546421807,5,2020
MIA,43,SF,17,1463.7293809849746,1493.9772467325533,1489.2701459569048,1468.436481760623,5,2020
CLE,32,IND,23,1544.5870780668656,1547.1611076405304,1568.2611782189622,1523.4870074884338,5,2020
DAL,37,NYG,34,1458.2582843198338,1415.4883782686024,1478.8799196548453,1394.866742933591,5,2020
SEA,27,MIN,26,1587.6821387406928,1457.4415385057912,1602.7635546568192,1442.3601225896648,5,2020
NO,30,LAC,27,1503.5071793331078,1452.2552190538222,1523.5655050849955,1432.1968933019346,5,2020
TEN,42,BUF,16,1566.5640929493272,1590.2787043583205,1591.6656258463336,1565.1771714613142,5,2020
TEN,42,HOU,36,1591.6656258463336,1438.2022288249216,1605.236345305782,1424.6315093654732,6,2020
IND,31,CIN,27,1523.4870074884338,1436.3319485981428,1540.9863084443232,1418.8326476422535,6,2020
ATL,40,MIN,23,1400.3819397874847,1442.3601225896648,1426.3714707563813,1416.3705916207682,6,2020
DEN,18,NE,12,1456.9543727074517,1507.0417464936884,1483.4759763472005,1480.5201428539397,6,2020
NYG,20,WSH,19,1394.866742933591,1437.5383282825696,1420.9018954271319,1411.5031757890288,6,2020
BAL,30,PHI,28,1560.1240577876945,1485.332026641943,1578.4055640268848,1467.0505204027527,6,2020
PIT,38,CLE,7,1583.131749012386,1568.2611782189622,1605.3393730387386,1546.0535541926097,6,2020
CHI,23,CAR,16,1560.4263826191059,1522.6912780190062,1581.1164835751958,1502.0011770629162,6,2020
DET,34,JAX,16,1460.6815665523839,1420.3285546421807,1481.1990468091217,1399.811074385443,6,2020
MIA,24,NYJ,0,1489.2701459569048,1388.7496335508752,1505.939113722738,1372.080665785042,6,2020
TB,38,GB,10,1517.401857349663,1581.7108904460833,1544.847712784316,1554.2650350114304,6,2020
SF,24,LAR,16,1468.436481760623,1557.368114207598,1497.448507891954,1528.356088076267,6,2020
KC,26,BUF,17,1564.0649507154951,1565.1771714613142,1587.3392189661722,1541.902903210637,6,2020
ARI,38,DAL,10,1509.8785729404854,1478.8799196548453,1531.014113964136,1457.7443786311946,6,2020
PHI,22,NYG,21,1467.0505204027527,1420.9018954271319,1486.9265582826204,1401.0258575472642,7,2020
DET,23,ATL,22,1481.1990468091217,1426.3714707563813,1500.5149810293974,1407.0555365361056,7,2020
CLE,37,CIN,34,1546.0535541926097,1418.8326476422535,1560.923940002163,1403.9622618327003,7,2020
PIT,27,TEN,24,1605.3393730387386,1605.236345305782,1628.2325823266933,1582.3431360178272,7,2020
NO,27,CAR,24,1523.5655050849955,1502.0011770629162,1545.045990259799,1480.5206918881127,7,2020
BUF,18,NYJ,10,1541.902903210637,1372.080665785042,1554.4233932935442,1359.5601757021348,7,2020
WSH,25,DAL,3,1411.5031757890288,1457.7443786311946,1437.433133241887,1431.8144211783365,7,2020
GB,35,HOU,20,1554.2650350114304,1424.6315093654732,1568.996293444533,1409.9002509323707,7,2020
TB,45,LV,20,1544.847712784316,1530.729451866419,1566.8176689104714,1508.7594957402634,7,2020
KC,43,DEN,16,1587.3392189661722,1483.4759763472005,1603.59032980651,1467.224865506863,7,2020
SF,33,NE,6,1497.448507891954,1480.5201428539397,1519.233616101649,1458.7350346442447,7,2020
LAC,39,JAX,29,1432.1968933019346,1399.811074385443,1452.9684564262188,1379.0395112611586,7,2020
ARI,37,SEA,34,1531.014113964136,1602.7635546568192,1558.577126972293,1575.2005416486622,7,2020
LAR,24,CHI,10,1528.356088076267,1581.1164835751958,1554.707118069523,1554.76545358194,7,2020
ATL,25,CAR,17,1407.0555365361056,1480.5206918881127,1434.3643301174395,1453.2118983067787,8,2020
BUF,24,NE,21,1554.4233932935442,1458.7350346442447,1570.9517985553098,1442.2066293824792,8,2020
CIN,31,TEN,20,1403.9622618327003,1582.3431360178272,1437.2431736892481,1549.0622241612793,8,2020
LV,16,CLE,6,1508.7594957402634,1560.923940002163,1534.7274209043642,1534.9560148380622,8,2020
IND,41,DET,21,1540.9863084443232,1500.5149810293974,1560.9655712135298,1480.5357182601908,8,2020
MIN,28,GB,22,1416.3705916207682,1568.996293444533,1448.305690637871,1537.06119442743,8,2020
KC,35,NYJ,9,1603.59032980651,1359.5601757021348,1612.497593804572,1350.6529117040727,8,2020
MIA,28,LAR,17,1505.939113722738,1554.707118069523,1531.6907053341904,1528.9555264580706,8,2020
PIT,28,BAL,24,1628.2325823266933,1578.4055640268848,1647.6134724647052,1559.024673888873,8,2020
DEN,31,LAC,30,1467.224865506863,1452.9684564262188,1488.8980343158516,1431.29528761723,8,2020
NO,26,CHI,23,1545.045990259799,1554.76545358194,1568.2780573154926,1531.5333865262464,8,2020
SEA,37,SF,27,1575.2005416486622,1519.233616101649,1594.1911690017243,1500.2429887485869,8,2020
PHI,23,DAL,9,1486.9265582826204,1431.8144211783365,1505.9713909220313,1412.7695885389255,8,2020
TB,25,NYG,23,1566.8176689104714,1401.0258575472642,1579.3835378328602,1388.4599886248755,8,2020
GB,34,SF,17,1537.06119442743,1500.2429887485869,1557.006840592606,1480.297342583411,9,2020
ATL,34,DEN,27,1434.3643301174395,1488.8980343158516,1460.1360878056212,1463.12627662767,9,2020
BUF,44,SEA,34,1570.9517985553098,1594.1911690017243,1594.7411867764595,1570.4017807805747,9,2020
TEN,24,CHI,17,1549.0622241612793,1531.5333865262464,1570.2380970657737,1510.357513621752,9,2020
BAL,24,IND,10,1559.024673888873,1560.9655712135298,1581.4492482327526,1538.5409968696501,9,2020
KC,33,CAR,31,1612.497593804572,1453.2118983067787,1625.234704350033,1440.4747877613177,9,2020
MIN,34,DET,20,1448.305690637871,1480.5357182601908,1472.6684471826804,1456.1729617153815,9,2020
NYG,23,WSH,20,1388.4599886248755,1437.433133241887,1413.882654673044,1412.0104671937183,9,2020
HOU,27,JAX,25,1409.9002509323707,1379.0395112611586,1430.224660868052,1358.7151013254772,9,2020
LV,31,LAC,26,1534.7274209043642,1431.29528761723,1550.5780855023413,1415.444623019253,9,2020
PIT,24,DAL,19,1647.6134724647052,1412.7695885389255,1656.781662861188,1403.6013981424428,9,2020
MIA,34,ARI,31,1531.6907053341904,1558.577126972293,1555.712961928289,1534.5548703781944,9,2020
NO,38,TB,3,1568.2780573154926,1579.3835378328602,1591.2906150317738,1556.370980116579,9,2020
NE,30,NYJ,27,1442.2066293824792,1350.6529117040727,1458.7626352915581,1334.0969057949937,9,2020
IND,34,TEN,17,1538.5409968696501,1570.2380970657737,1562.5425417965703,1546.2365521388535,10,2020
CLE,10,HOU,7,1534.9560148380622,1430.224660868052,1550.5181365172725,1414.6625391888417,10,2020
DET,30,WSH,27,1456.1729617153815,1412.0104671937183,1475.3915082200872,1392.7919206890126,10,2020
GB,24,JAX,20,1557.006840592606,1358.7151013254772,1567.657154386641,1348.0647875314423,10,2020
NYG,27,PHI,17,1413.882654673044,1505.9713909220313,1441.5809930087223,1478.273052586353,10,2020
TB,46,CAR,23,1556.370980116579,1440.4747877613177,1571.2929123523172,1425.5528555255794,10,2020
LV,37,DEN,12,1550.5780855023413,1463.12627662767,1567.154597917217,1446.5497642127943,10,2020
MIA,29,LAC,21,1555.712961928289,1415.444623019253,1569.284069600918,1401.873515346624,10,2020
ARI,32,BUF,30,1534.5548703781944,1594.7411867764595,1560.3282639784106,1568.9677931762433,10,2020
LAR,23,SEA,16,1528.9555264580706,1570.4017807805747,1553.5675699193123,1545.789737319333,10,2020
NO,27,SF,13,1591.2906150317738,1480.297342583411,1606.492120592111,1465.0958370230737,10,2020
PIT,36,CIN,10,1656.781662861188,1437.2431736892481,1666.4760256409575,1427.5488109094786,10,2020
NE,23,BAL,17,1458.7626352915581,1581.4492482327526,1488.223715646129,1551.9881678781817,10,2020
MIN,19,CHI,13,1472.6684471826804,1510.357513621752,1497.0456427539425,1485.98031805049,10,2020
SEA,28,ARI,21,1545.789737319333,1560.3282639784106,1568.3972494720279,1537.7207518257158,11,2020
CLE,22,PHI,17,1550.5181365172725,1478.273052586353,1567.76980903783,1461.0213800657955,11,2020
NO,24,ATL,9,1606.492120592111,1460.1360878056212,1619.5559536860997,1447.0722547116325,11,2020
WSH,20,CIN,9,1392.7919206890126,1427.5488109094786,1416.6555405620516,1403.6851910364396,11,2020
CAR,20,DET,0,1425.5528555255794,1475.3915082200872,1450.3444826573257,1450.599881088341,11,2020
PIT,27,JAX,3,1666.4760256409575,1348.0647875314423,1672.4604732122382,1342.0803399601616,11,2020
TEN,30,BAL,24,1546.2365521388535,1551.9881678781817,1568.2957515604428,1529.9289684565924,11,2020
HOU,27,NE,20,1414.6625391888417,1488.223715646129,1440.8895510128182,1461.9967038221525,11,2020
DEN,20,MIA,13,1446.5497642127943,1569.284069600918,1475.6117385920147,1540.2220952216976,11,2020
LAC,34,NYJ,28,1401.873515346624,1334.0969057949937,1419.393242221779,1316.5771789198386,11,2020
IND,34,GB,31,1562.5425417965703,1567.657154386641,1584.5619652558366,1545.6377309273746,11,2020
DAL,31,MIN,28,1403.6013981424428,1497.0456427539425,1431.0009336832945,1469.6461072130908,11,2020
KC,35,LV,31,1625.234704350033,1567.154597917217,1643.340576352205,1549.048725915045,11,2020
LAR,27,TB,24,1553.5675699193123,1571.2929123523172,1576.373693127105,1548.4867891445244,11,2020
HOU,41,DET,25,1440.8895510128182,1450.599881088341,1462.8874948709436,1428.6019372302155,12,2020
WSH,41,DAL,16,1416.6555405620516,1431.0009336832945,1438.9386310983127,1408.7178431470334,12,2020
ATL,43,LV,6,1447.0722547116325,1549.048725915045,1474.5790428621792,1521.5419377644982,12,2020
BUF,27,LAC,17,1568.9677931762433,1419.393242221779,1581.6847951321088,1406.6762402659135,12,2020
NYG,19,CIN,17,1441.5809930087223,1403.6851910364396,1460.656045830232,1384.61013821493,12,2020
TEN,45,IND,26,1568.2957515604428,1584.5619652558366,1590.6969237978337,1562.1607930184457,12,2020
MIN,28,CAR,27,1469.6461072130908,1450.3444826573257,1489.8584615927698,1430.1321282776466,12,2020
NE,20,ARI,17,1461.9967038221525,1537.7207518257158,1487.9883856124213,1511.729070035447,12,2020
MIA,20,NYJ,3,1540.2220952216976,1316.5771789198386,1549.4794184274836,1307.3198557140527,12,2020
CLE,27,JAX,25,1567.76980903783,1342.0803399601616,1576.9420300645652,1332.9081189334265,12,2020
NO,31,DEN,3,1619.5559536860997,1475.6117385920147,1632.564549831556,1462.6031424465584,12,2020
SF,23,LAR,20,1465.0958370230737,1576.373693127105,1493.1247687508621,1548.3447613993167,12,2020
KC,27,TB,24,1643.340576352205,1548.4867891445244,1659.0390924500605,1532.788273046669,12,2020
GB,41,CHI,25,1545.6377309273746,1485.98031805049,1563.398875285239,1468.2191736926256,12,2020
SEA,23,PHI,17,1568.3972494720279,1461.0213800657955,1583.386345277042,1446.0322842607814,12,2020
PIT,19,BAL,14,1672.4604732122382,1529.9289684565924,1685.54282190929,1516.8466197595405,12,2020
NO,21,ATL,16,1632.564549831556,1474.5790428621792,1644.6807993901612,1462.462793303574,13,2020
DET,34,CHI,30,1428.6019372302155,1468.2191736926256,1452.097545207175,1444.7235657156662,13,2020
CLE,41,TEN,35,1576.9420300645652,1590.6969237978337,1598.8769379874877,1568.7620158749112,13,2020
MIA,19,CIN,7,1549.4794184274836,1384.61013821493,1561.2563042937845,1372.833252348629,13,2020
MIN,27,JAX,24,1489.8584615927698,1332.9081189334265,1502.0262462028836,1320.7403343233127,13,2020
LV,31,NYJ,28,1521.5419377644982,1307.3198557140527,1531.0634638515105,1297.7983296270404,13,2020
IND,26,HOU,20,1562.1607930184457,1462.8874948709436,1577.390743661216,1447.6575442281733,13,2020
LAR,38,ARI,28,1548.3447613993167,1511.729070035447,1567.2292617427593,1492.8445696920044,13,2020
NYG,17,SEA,12,1460.656045830232,1583.386345277042,1488.9142480313221,1555.1281430759518,13,2020
GB,30,PHI,16,1563.398875285239,1446.0322842607814,1577.6304191629883,1431.800740383032,13,2020
NE,45,LAC,0,1487.9883856124213,1406.6762402659135,1504.238469215052,1390.4261566632829,13,2020
KC,22,DEN,16,1659.0390924500605,1462.6031424465584,1669.3366469727778,1452.3055879238411,13,2020
WSH,23,PIT,17,1438.9386310983127,1685.54282190929,1472.921052844216,1651.5604001633867,13,2020
BUF,34,SF,24,1581.6847951321088,1493.1247687508621,1597.5200147752778,1477.2895491076931,13,2020
BAL,34,DAL,17,1516.8466197595405,1408.7178431470334,1531.5839941113952,1393.9804687951787,13,2020
LAR,24,NE,3,1567.2292617427593,1504.238469215052,1584.2989615060512,1487.16876945176,14,2020
CHI,36,HOU,7,1444.7235657156662,1447.6575442281733,1465.699210655301,1426.6818992885385,14,2020
DAL,30,CIN,7,1393.9804687951787,1372.833252348629,1413.5160050141042,1353.2977161297035,14,2020
KC,33,MIA,27,1669.3366469727778,1561.2563042937845,1683.8671212503523,1546.72583001621,14,2020
ARI,26,NYG,7,1492.8445696920044,1488.9142480313221,1513.4092823267497,1468.3495353965768,14,2020
TB,26,MIN,14,1532.788273046669,1502.0262462028836,1551.751433633953,1483.0630856155997,14,2020
DEN,32,CAR,27,1452.3055879238411,1430.1321282776466,1471.7799240425154,1410.6577921589724,14,2020
TEN,31,JAX,10,1568.7620158749112,1320.7403343233127,1576.8096607837044,1312.6926894145195,14,2020
IND,44,LV,27,1577.390743661216,1531.0634638515105,1595.4335797614901,1513.0206277512364,14,2020
SEA,40,NYJ,3,1555.1281430759518,1297.7983296270404,1562.833699069485,1290.0927736335072,14,2020
GB,31,DET,24,1577.6304191629883,1452.097545207175,1591.2259287297297,1438.5020356404336,14,2020
PHI,24,NO,21,1431.800740383032,1644.6807993901612,1463.958322110574,1612.5232176626191,14,2020
LAC,20,ATL,17,1390.4261566632829,1462.462793303574,1415.4780350666522,1437.4109149002047,14,2020
WSH,23,SF,15,1472.921052844216,1477.2895491076931,1493.9825687567495,1456.2280331951597,14,2020
BUF,26,PIT,15,1597.5200147752778,1651.5604001633867,1621.5294220104872,1627.5509929281773,14,2020
BAL,47,CLE,42,1531.5839941113952,1598.8769379874877,1556.3630032203428,1574.0979288785402,14,2020
LAC,30,LV,27,1415.4780350666522,1513.0206277512364,1441.5868190580763,1486.9118437598122,15,2020
BUF,48,DEN,19,1621.5294220104872,1471.7799240425154,1633.702975423983,1459.6063706290197,15,2020
GB,24,CAR,16,1591.2259287297297,1410.6577921589724,1601.937558686345,1399.946162202357,15,2020
TB,31,ATL,27,1551.751433633953,1437.4109149002047,1565.7383688490295,1423.4239796851282,15,2020
DAL,41,SF,33,1413.5160050141042,1456.2280331951597,1436.5235550240038,1433.22048318526,15,2020
TEN,46,DET,25,1576.8096607837044,1438.5020356404336,1589.5543859203963,1425.7573105037418,15,2020
IND,27,HOU,20,1595.4335797614901,1426.6818992885385,1606.6921387128493,1415.4233403371793,15,2020
MIA,22,NE,12,1546.72583001621,1487.16876945176,1563.745760601247,1470.148838866723,15,2020
CHI,33,MIN,27,1465.699210655301,1483.0630856155997,1487.2228921212088,1461.5394041496918,15,2020
SEA,20,WSH,15,1562.833699069485,1493.9825687567495,1579.3235817147881,1477.4926861114463,15,2020
BAL,40,JAX,14,1556.3630032203428,1312.6926894145195,1564.4560475857998,1304.5996450490625,15,2020
NYJ,23,LAR,20,1290.0927736335072,1584.2989615060512,1324.7252808218707,1549.6664543176878,15,2020
ARI,33,PHI,26,1513.4092823267497,1463.958322110574,1531.01103528758,1446.3565691497438,15,2020
KC,32,NO,29,1683.8671212503523,1612.5232176626191,1700.2157498059937,1596.1745891069777,15,2020
CLE,20,NYG,6,1574.0979288785402,1468.3495353965768,1588.544173538475,1453.903290736642,15,2020
CIN,27,PIT,17,1353.2977161297035,1627.5509929281773,1387.2877167369477,1593.560992320933,15,2020
NO,52,MIN,33,1596.1745891069777,1461.5394041496918,1608.9164928783302,1448.7975003783392,16,2020
TB,47,DET,7,1565.7383688490295,1425.7573105037418,1578.2133684842747,1413.2823108684966,16,2020
SF,20,ARI,12,1433.22048318526,1531.01103528758,1458.960522069465,1505.270996403375,16,2020
MIA,26,LV,25,1563.745760601247,1486.9118437598122,1579.5500413300647,1471.1075630309945,16,2020
KC,17,ATL,14,1700.2157498059937,1423.4239796851282,1707.0398870905792,1416.5998424005427,16,2020
NYJ,23,CLE,16,1324.7252808218707,1588.544173538475,1357.8670817906777,1555.402372569668,16,2020
PIT,28,IND,24,1593.560992320933,1606.6921387128493,1614.5240774634094,1585.729053570373,16,2020
CHI,41,JAX,17,1487.2228921212088,1304.5996450490625,1497.685783834536,1294.1367533357352,16,2020
BAL,27,NYG,13,1564.4560475857998,1453.903290736642,1578.4369685793295,1439.9223697431123,16,2020
CIN,37,HOU,31,1387.2877167369477,1415.4233403371793,1409.119963116118,1393.591093958009,16,2020
LAC,19,DEN,16,1441.5868190580763,1459.6063706290197,1462.8335423508204,1438.3596473362757,16,2020
CAR,20,WSH,13,1399.946162202357,1477.4926861114463,1424.5813330459196,1452.8575152678839,16,2020
DAL,37,PHI,17,1436.5235550240038,1446.3565691497438,1457.2950965648608,1425.5850276088868,16,2020
SEA,20,LAR,9,1579.3235817147881,1549.6664543176878,1597.8034839262484,1531.1865521062275,16,2020
GB,40,TEN,14,1601.937558686345,1589.5543859203963,1621.4179023406948,1570.0740422660465,16,2020
BUF,38,NE,9,1633.702975423983,1470.148838866723,1645.039167077503,1458.812647213203,16,2020
BUF,56,MIA,26,1645.039167077503,1579.5500413300647,1661.231960733616,1563.3572476739516,17,2020
BAL,38,CIN,3,1578.4369685793295,1409.119963116118,1589.3402280012413,1398.2167036942062,17,2020
CLE,24,PIT,22,1555.402372569668,1614.5240774634094,1578.6563639794826,1591.2700860535947,17,2020
MIN,37,DET,35,1448.7975003783392,1413.2823108684966,1466.670359521519,1395.4094517253168,17,2020
NE,28,NYJ,14,1458.812647213203,1357.8670817906777,1473.0881894061847,1343.591539597696,17,2020
NYG,23,DAL,19,1439.9223697431123,1457.2950965648608,1460.8165955416964,1436.4008707662767,17,2020
TB,44,ATL,27,1578.2133684842747,1416.5998424005427,1589.4711703586445,1405.342040526173,17,2020
GB,35,CHI,16,1621.4179023406948,1497.685783834536,1634.5160745164856,1484.5876116587453,17,2020
LV,32,DEN,31,1471.1075630309945,1438.3596473362757,1489.137402098459,1420.3298082688111,17,2020
IND,28,JAX,14,1585.729053570373,1294.1367533357352,1591.9891504371244,1287.8766564689838,17,2020
LAC,38,KC,21,1462.8335423508204,1707.0398870905792,1494.7968057235414,1675.0766237178582,17,2020
LAR,18,ARI,7,1531.1865521062275,1505.270996403375,1549.6049386843574,1486.852609825245,17,2020
SEA,26,SF,23,1597.8034839262484,1458.960522069465,1610.1489339297002,1446.6150720660132,17,2020
NO,33,CAR,7,1608.9164928783302,1424.5813330459196,1619.1489045303165,1414.3489213939333,17,2020
TEN,41,HOU,38,1570.0740422660465,1393.591093958009,1580.6538128540003,1383.0113233700552,17,2020
WSH,20,PHI,14,1452.8575152678839,1425.5850276088868,1471.1986348053017,1407.243908071469,17,2020
TB,31,DAL,29,1589.4711703586445,1436.4008707662767,1609.801267349665,1416.0707737752562,1,2021
PHI,32,ATL,6,1407.243908071469,1405.342040526173,1441.7539616543343,1370.8319869433076,1,2021
PIT,23,BUF,16,1591.2700860535947,1661.231960733616,1632.8645663914328,1619.6374803957779,1,2021
CIN,27,MIN,24,1398.2167036942062,1466.670359521519,1439.66637377519,1425.2206894405351,1,2021
SF,41,DET,33,1446.6150720660132,1395.4094517253168,1476.237639520082,1365.786884271248,1,2021
ARI,38,TEN,13,1486.852609825245,1580.6538128540003,1530.6997963681447,1536.8066263111004,1,2021
SEA,28,IND,16,1610.1489339297002,1591.9891504371244,1643.0368821458528,1559.1012022209718,1,2021
LAC,20,WSH,16,1494.7968057235414,1471.1986348053017,1527.1435647649425,1438.8518757639006,1,2021
CAR,19,NYJ,14,1414.3489213939333,1343.591539597696,1442.0781613995755,1315.862299592054,1,2021
HOU,37,JAX,21,1383.0113233700552,1287.8766564689838,1408.440337968734,1262.447641870305,1,2021
KC,33,CLE,29,1675.0766237178582,1578.6563639794826,1700.3865239119868,1553.346463785354,1,2021
MIA,17,NE,16,1563.3572476739516,1473.0881894061847,1589.239189724556,1447.2062473555804,1,2021
NO,38,GB,3,1619.1489045303165,1634.5160745164856,1655.3826948595142,1598.2822841872878,1,2021
DEN,27,NYG,13,1420.3298082688111,1460.8165955416964,1459.0552068511754,1422.0911969593321,1,2021
LAR,34,CHI,14,1549.6049386843574,1484.5876116587453,1577.8861109511367,1456.306439391966,1,2021
LV,33,BAL,27,1489.137402098459,1589.3402280012413,1533.5765775555162,1544.901052544184,1,2021
WSH,30,NYG,29,1438.8518757639006,1422.0911969593321,1471.5936676603003,1389.3494050629324,2,2021
CHI,20,CIN,17,1456.306439391966,1439.66637377519,1489.0601457902399,1406.9126673769163,2,2021
CLE,31,HOU,21,1553.346463785354,1408.440337968734,1574.1769698922817,1387.6098318618062,2,2021
LAR,27,IND,24,1577.8861109511367,1559.1012022209718,1610.4280055972524,1526.5593075748561,2,2021
BUF,35,MIA,0,1619.6374803957779,1589.239189724556,1651.0353669710044,1557.8413031493294,2,2021
NE,25,NYJ,6,1447.2062473555804,1315.862299592054,1469.187757722015,1293.8807892256193,2,2021
SF,17,PHI,11,1476.237639520082,1441.7539616543343,1507.2345378824334,1410.7570632919828,2,2021
LV,26,PIT,17,1533.5765775555162,1632.8645663914328,1577.54804736808,1588.893096578869,2,2021
CAR,26,NO,7,1442.0781613995755,1655.3826948595142,1495.291331427948,1602.1695248311416,2,2021
DEN,23,JAX,13,1459.0552068511754,1262.447641870305,1475.8311020222795,1245.6717466992009,2,2021
ARI,34,MIN,33,1530.6997963681447,1425.2206894405351,1554.9656424473471,1400.9548433613327,2,2021
TB,48,ATL,25,1609.801267349665,1370.8319869433076,1623.6791719354587,1356.954082357514,2,2021
DAL,20,LAC,17,1416.0707737752562,1527.1435647649425,1461.1082677657137,1482.106070774485,2,2021
TEN,33,SEA,30,1536.8066263111004,1643.0368821458528,1581.4086544354848,1598.4348540214685,2,2021
BAL,36,KC,35,1544.901052544184,1700.3865239119868,1593.7442680098886,1651.5433084462823,2,2021
GB,35,DET,17,1598.2822841872878,1365.786884271248,1612.5776410330482,1351.4915274254877,2,2021
CAR,24,HOU,9,1495.291331427948,1387.6098318618062,1519.148527593379,1363.7526356963754,3,2021
BUF,43,WSH,21,1651.0353669710044,1471.5936676603003,1668.9387324663712,1453.6903021649334,3,2021
CLE,26,CHI,6,1574.1769698922817,1489.0601457902399,1600.0861638588851,1463.1509518236364,3,2021
BAL,19,DET,17,1593.7442680098886,1351.4915274254877,1607.2947435292583,1337.941051906118,3,2021
TEN,25,IND,16,1581.4086544354848,1526.5593075748561,1610.1695987277494,1497.7983632825915,3,2021
LAC,30,KC,24,1482.106070774485,1651.5433084462823,1531.6319831986818,1602.0173960220854,3,2021
NO,28,NE,13,1602.1695248311416,1469.187757722015,1623.8197754953785,1447.5375070577782,3,2021
ATL,17,NYG,14,1356.954082357514,1389.3494050629324,1394.2244261752248,1352.0790612452215,3,2021
CIN,24,PIT,10,1406.9126673769163,1588.893096578869,1457.4015884901742,1538.4041754656112,3,2021
ARI,31,JAX,19,1554.9656424473471,1245.6717466992009,1564.8034216271196,1235.8339675194284,3,2021
DEN,26,NYJ,0,1475.8311020222795,1293.8807892256193,1493.5444540881294,1276.1674371597694,3,2021
LV,31,MIA,28,1577.54804736808,1557.8413031493294,1609.715947508115,1525.6734030092944,3,2021
LAR,34,TB,24,1610.4280055972524,1623.6791719354587,1645.8279466974482,1588.279230835263,3,2021
MIN,30,SEA,17,1400.9548433613327,1598.4348540214685,1452.5883210254415,1546.8013763573597,3,2021
GB,30,SF,28,1612.5776410330482,1507.2345378824334,1636.6440577416924,1483.1681211737891,3,2021
DAL,41,PHI,21,1461.1082677657137,1410.7570632919828,1490.3007222880724,1381.564608769624,3,2021
CIN,24,JAX,21,1457.4015884901742,1235.8339675194284,1472.1604568049065,1221.075099204696,4,2021
WSH,34,ATL,30,1453.6903021649334,1394.2244261752248,1481.7610471794349,1366.1536811607234,4,2021
BUF,40,HOU,0,1668.9387324663712,1363.7526356963754,1678.888947176165,1353.8024209865816,4,2021
CHI,24,DET,14,1463.1509518236364,1337.941051906118,1485.2713144917523,1315.8206892380022,4,2021
DAL,36,CAR,28,1490.3007222880724,1519.148527593379,1526.9007269914896,1482.5485228899618,4,2021
IND,27,MIA,17,1497.7983632825915,1525.6734030092944,1534.3043611204992,1489.1674051713867,4,2021
CLE,14,MIN,7,1600.0861638588851,1452.5883210254415,1620.3410745636922,1432.3334103206344,4,2021
NYG,27,NO,21,1352.0790612452215,1623.8197754953785,1407.9818643701535,1567.9169723704465,4,2021
NYJ,27,TEN,24,1276.1674371597694,1610.1695987277494,1335.1441099783056,1551.1929259092133,4,2021
KC,42,PHI,30,1602.0173960220854,1381.564608769624,1616.8504343796958,1366.7315704120138,4,2021
ARI,37,LAR,20,1564.8034216271196,1645.8279466974482,1606.345974375012,1604.2853939495558,4,2021
SEA,28,SF,21,1546.8013763573597,1483.1681211737891,1574.4791673724158,1455.490330158733,4,2021
BAL,23,DEN,7,1607.2947435292583,1493.5444540881294,1630.4077812495634,1470.4314163678243,4,2021
GB,27,PIT,17,1636.6440577416924,1538.4041754656112,1661.133681301093,1513.9145519062106,4,2021
TB,19,NE,17,1588.279230835263,1447.5375070577782,1609.0901149053043,1426.7266229877368,4,2021
LAC,28,LV,14,1531.6319831986818,1609.715947508115,1572.902956671238,1568.444974035559,4,2021
LAR,26,SEA,17,1604.2853939495558,1574.4791673724158,1634.9184850390625,1543.846076282909,5,2021
ATL,27,NYJ,20,1366.1536811607234,1335.1441099783056,1396.671629214008,1304.626161925021,5,2021
GB,25,CIN,22,1661.133681301093,1472.1604568049065,1678.0196586888978,1455.2744794171017,5,2021
MIN,19,DET,17,1432.3334103206344,1315.8206892380022,1455.0021810964738,1293.1519184621627,5,2021
PIT,27,DEN,19,1513.9145519062106,1470.4314163678243,1543.2436299192602,1441.1023383547747,5,2021
TB,45,MIA,17,1609.0901149053043,1489.1674051713867,1631.4654035215233,1466.7921165551677,5,2021
NO,33,WSH,22,1567.9169723704465,1481.7610471794349,1593.275943838166,1456.4020757117153,5,2021
PHI,21,CAR,18,1366.7315704120138,1482.5485228899618,1411.0026872216372,1438.2774060803383,5,2021
TEN,37,JAX,19,1551.1929259092133,1221.075099204696,1559.9078358778065,1212.3601892361028,5,2021
NE,25,HOU,22,1426.7266229877368,1353.8024209865816,1453.2966850806195,1327.232358893699,5,2021
CHI,20,LV,9,1485.2713144917523,1568.444974035559,1526.6412137048178,1527.0750748224934,5,2021
LAC,47,CLE,42,1572.902956671238,1620.3410745636922,1610.9487621269789,1582.2952691079513,5,2021
DAL,44,NYG,20,1526.9007269914896,1407.9818643701535,1549.3622157977923,1385.5203755638508,5,2021
ARI,17,SF,10,1606.345974375012,1455.490330158733,1626.1503972364155,1435.6859072973295,5,2021
BUF,38,KC,20,1678.888947176165,1616.8504343796958,1706.4699214856184,1589.2694600702423,5,2021
BAL,31,IND,25,1630.4077812495634,1534.3043611204992,1654.8707308826645,1509.841411487398,5,2021
TB,28,PHI,22,1631.4654035215233,1411.0026872216372,1646.0344834911696,1396.433607251991,6,2021
JAX,23,MIA,20,1212.3601892361028,1466.7921165551677,1266.2928907669432,1412.8594150243273,6,2021
GB,24,CHI,14,1678.0196586888978,1526.6412137048178,1697.6051464049813,1507.0557259887344,6,2021
CIN,34,DET,11,1455.2744794171017,1293.1519184621627,1474.0168968585824,1274.409501020682,6,2021
IND,31,HOU,3,1509.841411487398,1327.232358893699,1527.0388886121273,1310.0348817689699,6,2021
LAR,38,NYG,11,1634.9184850390625,1385.5203755638508,1647.6818752241493,1372.756985378764,6,2021
KC,31,WSH,13,1589.2694600702423,1456.4020757117153,1610.3577708135956,1435.313764968362,6,2021
MIN,34,CAR,28,1455.0021810964738,1438.2774060803383,1486.605240375093,1406.6743468017191,6,2021
BAL,34,LAC,6,1654.8707308826645,1610.9487621269789,1683.8958832763733,1581.92360973327,6,2021
ARI,37,CLE,14,1626.1503972364155,1582.2952691079513,1655.1818358935318,1553.263830450835,6,2021
LV,34,DEN,24,1527.0750748224934,1441.1023383547747,1552.2234243610142,1415.953988816254,6,2021
DAL,35,NE,29,1549.3622157977923,1453.2966850806195,1573.6094514694373,1429.0494494089744,6,2021
PIT,23,SEA,20,1543.2436299192602,1543.846076282909,1576.501197998239,1510.5885082039304,6,2021
TEN,34,BUF,31,1559.9078358778065,1706.4699214856184,1606.3373405612863,1660.0404168021387,6,2021
CLE,17,DEN,14,1553.263830450835,1415.953988816254,1573.7986097031999,1395.4192095638891,7,2021
GB,24,WSH,10,1697.6051464049813,1435.313764968362,1709.5121812656394,1423.4067301077039,7,2021
TEN,27,KC,3,1606.3373405612863,1610.3577708135956,1639.6180334354922,1577.0770779393897,7,2021
ATL,30,MIA,28,1396.671629214008,1412.8594150243273,1431.1034041109083,1378.427640127427,7,2021
NE,54,NYJ,13,1429.0494494089744,1304.626161925021,1450.6464526947423,1283.0291586392532,7,2021
NYG,25,CAR,3,1372.756985378764,1406.6743468017191,1408.8585856008997,1370.5727465795835,7,2021
CIN,41,BAL,17,1474.0168968585824,1683.8958832763733,1524.681141325592,1633.2316388093636,7,2021
LV,33,PHI,22,1552.2234243610142,1396.433607251991,1571.286269764103,1377.370761848902,7,2021
LAR,28,DET,19,1647.6818752241493,1274.409501020682,1654.5546917206977,1267.5366845241335,7,2021
ARI,31,HOU,5,1655.1818358935318,1310.0348817689699,1663.116862261515,1302.0998554009866,7,2021
TB,38,CHI,3,1646.0344834911696,1507.0557259887344,1666.4337961408262,1486.6564133390777,7,2021
IND,30,SF,18,1527.0388886121273,1435.6859072973295,1551.4823154749488,1411.242480434508,7,2021
NO,13,SEA,10,1593.275943838166,1510.5885082039304,1618.490513705803,1485.3739383362933,7,2021
GB,24,ARI,21,1709.5121812656394,1663.116862261515,1737.7845852748776,1634.8444582522768,8,2021
CAR,19,ATL,13,1370.5727465795835,1431.1034041109083,1408.7955836322174,1392.8805670582744,8,2021
BUF,26,MIA,11,1660.0404168021387,1378.427640127427,1670.8019457346854,1367.6661111948802,8,2021
SF,33,CHI,22,1411.242480434508,1486.6564133390777,1450.809521510773,1447.0893722628127,8,2021
PIT,15,CLE,10,1576.501197998239,1573.7986097031999,1608.8476183272655,1541.4521893741733,8,2021
PHI,44,DET,6,1377.370761848902,1267.5366845241335,1399.9951112703534,1244.9123351026822,8,2021
TEN,34,IND,31,1639.6180334354922,1551.4823154749488,1664.1211687117998,1526.9791801986412,8,2021
NYJ,34,CIN,31,1283.0291586392532,1524.681141325592,1335.2388092944248,1472.4714906704205,8,2021
LAR,38,HOU,22,1654.5546917206977,1302.0998554009866,1662.1310979014584,1294.523449220226,8,2021
NE,27,LAC,24,1450.6464526947423,1581.92360973327,1495.0096869964275,1537.5603754315848,8,2021
SEA,31,JAX,7,1485.3739383362933,1266.2928907669432,1499.768736043249,1251.8980930599876,8,2021
DEN,17,WSH,10,1395.4192095638891,1423.4067301077039,1430.6396226679067,1388.1863170036863,8,2021
NO,36,TB,27,1618.490513705803,1666.4337961408262,1655.5607108092686,1629.3635990373607,8,2021
DAL,20,MIN,16,1573.6094514694373,1486.605240375093,1598.2122873525661,1462.0024044919642,8,2021
KC,20,NYG,17,1577.0770779393897,1408.8585856008997,1595.0208223909578,1390.9148411493316,8,2021
IND,45,NYJ,30,1526.9791801986412,1335.2388092944248,1543.0670743428213,1319.1509151502446,9,2021
CLE,41,CIN,16,1541.4521893741733,1472.4714906704205,1567.4222255531079,1446.501454491486,9,2021
DEN,30,DAL,16,1430.6396226679067,1598.2122873525661,1477.4130595545194,1551.4388504659535,9,2021
MIA,17,HOU,9,1367.6661111948802,1294.523449220226,1393.2649719585957,1268.9245884565105,9,2021
ATL,27,NO,25,1392.8805670582744,1655.5607108092686,1445.812093222628,1602.629184644915,9,2021
NYG,23,LV,16,1390.9148411493316,1571.286269764103,1438.6233706466458,1523.5777402667889,9,2021
NE,24,CAR,6,1495.0096869964275,1408.7955836322174,1519.4551883773597,1384.3500822512851,9,2021
JAX,9,BUF,6,1251.8980930599876,1670.8019457346854,1311.1810494574436,1611.5189893372294,9,2021
BAL,34,MIN,31,1633.2316388093636,1462.0024044919642,1650.7878031738187,1444.446240127509,9,2021
LAC,27,PHI,24,1537.5603754315848,1399.9951112703534,1557.7002743127634,1379.8552123891748,9,2021
KC,13,GB,7,1595.0208223909578,1737.7845852748776,1639.893360034171,1692.9120476316643,9,2021
ARI,31,SF,17,1634.8444582522768,1450.809521510773,1651.474177531466,1434.1798022315838,9,2021
TEN,28,LAR,16,1664.1211687117998,1662.1310979014584,1696.2361600745464,1630.0161065387117,9,2021
PIT,29,CHI,27,1608.8476183272655,1447.0893722628127,1627.1094171921343,1428.827573397944,9,2021
MIA,22,BAL,10,1393.2649719585957,1650.7878031738187,1445.4209986305896,1598.6317765018248,10,2021
DAL,43,ATL,3,1551.4388504659535,1445.812093222628,1573.9993132324564,1423.251630456125,10,2021
TEN,23,NO,21,1696.2361600745464,1602.629184644915,1719.8173626554378,1579.0479820640237,10,2021
IND,23,JAX,17,1543.0670743428213,1311.1810494574436,1556.4020734859428,1297.8460503143222,10,2021
NE,45,CLE,7,1519.4551883773597,1567.4222255531079,1555.8452586487597,1531.032155281708,10,2021
BUF,45,NYJ,17,1611.5189893372294,1319.1509151502446,1621.547651433418,1309.122253054056,10,2021
DET,16,PIT,16,1244.9123351026822,1627.1094171921343,1238.52889722974,1633.4928550650764,10,2021
WSH,29,TB,19,1388.1863170036863,1629.3635990373607,1439.4071291292337,1578.1427869118133,10,2021
CAR,34,ARI,10,1384.3500822512851,1651.474177531466,1437.0303160820192,1598.793943700732,10,2021
MIN,27,LAC,20,1444.446240127509,1557.7002743127634,1486.522918247671,1515.6235961926016,10,2021
PHI,30,DEN,13,1379.8552123891748,1477.4130595545194,1420.6116872015136,1436.6565847421805,10,2021
GB,17,SEA,0,1692.9120476316643,1499.768736043249,1708.7540518714618,1483.9267318034515,10,2021
KC,41,LV,14,1639.893360034171,1523.5777402667889,1661.5633701901286,1501.9077301108314,10,2021
SF,31,LAR,10,1434.1798022315838,1630.0161065387117,1482.521868556784,1581.6740402135115,10,2021
NE,25,ATL,0,1555.8452586487597,1423.251630456125,1576.0024438224943,1403.0944452823903,11,2021
IND,41,BUF,15,1556.4020734859428,1621.547651433418,1593.9772597701776,1583.972465149183,11,2021
BAL,16,CHI,13,1598.6317765018248,1428.827573397944,1615.9649413943785,1411.4944085053903,11,2021
CLE,13,DET,10,1531.032155281708,1238.52889722974,1540.9602808858997,1228.6007716255483,11,2021
HOU,22,TEN,13,1268.9245884565105,1719.8173626554378,1327.9230099085923,1660.818941203356,11,2021
MIN,34,GB,31,1486.522918247671,1708.7540518714618,1536.1223028226143,1659.1546672965185,11,2021
MIA,24,NYJ,17,1445.4209986305896,1309.122253054056,1465.286096484166,1289.2571552004797,11,2021
PHI,40,NO,29,1420.6116872015136,1579.0479820640237,1465.8422565885085,1533.8174126770286,11,2021
WSH,27,CAR,21,1439.4071291292337,1437.0303160820192,1470.8902722458615,1405.5471729653914,11,2021
SF,30,JAX,10,1482.521868556784,1297.8460503143222,1498.798005622676,1281.56991324843,11,2021
CIN,32,LV,13,1446.501454491486,1501.9077301108314,1483.2142968709884,1465.194887731329,11,2021
KC,19,DAL,9,1661.5633701901286,1573.9993132324564,1685.438999291921,1550.123684130664,11,2021
ARI,23,SEA,13,1598.793943700732,1483.9267318034515,1620.3793376666258,1462.3413378375576,11,2021
LAC,41,PIT,37,1515.6235961926016,1633.4928550650764,1557.683540577856,1591.4329106798218,11,2021
TB,30,NYG,10,1578.1427869118133,1438.6233706466458,1597.7558686979437,1419.0102888605154,11,2021
CHI,16,DET,14,1411.4944085053903,1228.6007716255483,1427.7397557672539,1212.3554243636847,12,2021
LV,36,DAL,33,1465.194887731329,1550.123684130664,1504.1211399528145,1511.1974319091785,12,2021
BUF,31,NO,6,1583.972465149183,1533.8174126770286,1610.8708554162563,1506.9190224099555,12,2021
CIN,41,PIT,10,1483.2142968709884,1591.4329106798218,1524.0902290989384,1550.5569784518718,12,2021
TB,38,IND,31,1597.7558686979437,1593.9772597701776,1628.8143848444,1562.9187436237214,12,2021
MIA,33,CAR,10,1465.286096484166,1405.5471729653914,1491.3396876472457,1379.4935818023116,12,2021
NE,36,TEN,13,1576.0024438224943,1660.818941203356,1614.9191291967259,1621.9022558291244,12,2021
NYG,13,PHI,7,1419.0102888605154,1465.8422565885085,1454.6173477026014,1430.2351977464225,12,2021
ATL,21,JAX,14,1403.0944452823903,1281.56991324843,1423.938499220874,1260.7258593099464,12,2021
NYJ,21,HOU,14,1289.2571552004797,1327.9230099085923,1324.1372828321007,1293.0428822769713,12,2021
DEN,28,LAC,13,1436.6565847421805,1557.683540577856,1478.572624619475,1515.7675007005616,12,2021
GB,36,LAR,28,1659.1546672965185,1581.6740402135115,1683.6660604819515,1557.1626470280785,12,2021
SF,34,MIN,26,1498.798005622676,1536.1223028226143,1533.5583266988776,1501.3619817464128,12,2021
BAL,16,CLE,10,1615.9649413943785,1540.9602808858997,1640.6896638948888,1516.2355583853894,12,2021
WSH,17,SEA,15,1470.8902722458615,1462.3413378375576,1501.5178056646707,1431.7138044187484,12,2021
DAL,27,NO,17,1511.1974319091785,1506.9190224099555,1541.9144780159204,1476.2019763032135,13,2021
TB,30,ATL,17,1628.8143848444,1423.938499220874,1643.4417857690614,1409.3110982962125,13,2021
ARI,33,CHI,22,1620.3793376666258,1427.7397557672539,1635.8094041634702,1412.3096892704095,13,2021
LAC,41,CIN,22,1515.7675007005616,1524.0902290989384,1547.6123505833302,1492.2453792161698,13,2021
DET,29,MIN,27,1212.3554243636847,1501.3619817464128,1264.648712013178,1449.0686940969194,13,2021
MIA,20,NYG,9,1491.3396876472457,1454.6173477026014,1519.1647472735117,1426.7922880763354,13,2021
PHI,33,NYJ,18,1430.2351977464225,1324.1372828321007,1452.12265808009,1302.249822498433,13,2021
IND,31,HOU,0,1562.9187436237214,1293.0428822769713,1573.777430683544,1282.1841952171487,13,2021
WSH,17,LV,15,1501.5178056646707,1504.1211399528145,1532.850833553962,1472.7881120635232,13,2021
LAR,37,JAX,7,1557.1626470280785,1260.7258593099464,1566.7182889141968,1251.170217423828,13,2021
PIT,20,BAL,19,1550.5569784518718,1640.6896638948888,1589.5487746927643,1601.6978676539964,13,2021
SEA,30,SF,23,1431.7138044187484,1533.5583266988776,1471.6777722053241,1493.594358912302,13,2021
KC,22,DEN,9,1685.438999291921,1478.572624619475,1699.9386008971187,1464.0730230142772,13,2021
NE,14,BUF,10,1614.9191291967259,1610.8708554162563,1645.6567724825022,1580.13321213048,13,2021
MIN,36,PIT,28,1449.0686940969194,1589.5487746927643,1491.6851550542144,1546.9323137354693,14,2021
CLE,24,BAL,22,1516.2355583853894,1601.6978676539964,1554.4625589094146,1563.470867129971,14,2021
TEN,20,JAX,0,1621.9022558291244,1251.170217423828,1628.4211315322873,1244.6513417206652,14,2021
KC,48,LV,9,1699.9386008971187,1472.7881120635232,1713.052718683753,1459.6739942768888,14,2021
NO,30,NYJ,9,1476.2019763032135,1302.249822498433,1492.752433719233,1285.6993650824136,14,2021
DAL,27,WSH,20,1541.9144780159204,1532.850833553962,1571.911172450186,1502.8541391196964,14,2021
ATL,29,CAR,21,1409.3110982962125,1379.4935818023116,1437.4742601729836,1351.3304199255406,14,2021
SEA,33,HOU,13,1471.6777722053241,1282.1841952171487,1487.1680328340558,1266.693934588417,14,2021
DEN,38,DET,10,1464.0730230142772,1264.648712013178,1478.9099060643375,1249.8118289631177,14,2021
LAC,37,NYG,21,1547.6123505833302,1426.7922880763354,1568.113541225022,1406.2910974346437,14,2021
SF,26,CIN,23,1493.594358912302,1492.2453792161698,1524.2747731024729,1461.5649650259988,14,2021
TB,33,BUF,27,1643.4417857690614,1580.13321213048,1668.6908113690242,1554.8841865305171,14,2021
GB,45,CHI,30,1683.6660604819515,1412.3096892704095,1694.3445606487628,1401.6311891035982,14,2021
LAR,30,ARI,23,1566.7182889141968,1635.8094041634702,1603.5637034241665,1598.9639896535004,14,2021
KC,34,LAC,28,1713.052718683753,1568.113541225022,1731.5191768033224,1549.6470831054526,15,2021
IND,27,NE,17,1573.777430683544,1645.6567724825022,1610.498923708328,1608.9352794577183,15,2021
BUF,31,CAR,14,1554.8841865305171,1351.3304199255406,1569.3130575119026,1336.9015489441551,15,2021
DET,30,ARI,12,1249.8118289631177,1598.9639896535004,1303.6034994731442,1545.172319143474,15,2021
MIA,31,NYJ,24,1519.1647472735117,1285.6993650824136,1531.783434891256,1273.0806774646692,15,2021
DAL,21,NYG,6,1571.911172450186,1406.2910974346437,1588.8816422149478,1389.320627669882,15,2021
PIT,19,TEN,13,1546.9323137354693,1628.4211315322873,1584.4575446510669,1590.8959006166897,15,2021
HOU,30,JAX,16,1266.693934588417,1244.6513417206652,1295.2614943418926,1216.0837819671897,15,2021
CIN,15,DEN,10,1461.5649650259988,1478.9099060643375,1493.5863453103404,1446.888525779996,15,2021
SF,31,ATL,13,1524.2747731024729,1437.4742601729836,1547.3095719112855,1414.439461364171,15,2021
GB,31,BAL,30,1694.3445606487628,1563.470867129971,1713.8699005131316,1543.9455272656023,15,2021
NO,9,TB,0,1492.752433719233,1668.6908113690242,1537.4998607549626,1623.9433843332947,15,2021
LV,16,CLE,14,1459.6739942768888,1554.4625589094146,1498.2946214780666,1515.8419317082369,15,2021
MIN,17,CHI,9,1491.6851550542144,1401.6311891035982,1514.452077984223,1378.8642661735896,15,2021
LAR,20,SEA,10,1603.5637034241665,1487.1680328340558,1624.211637279896,1466.5200989783264,15,2021
PHI,27,WSH,17,1452.12265808009,1502.8541391196964,1487.044791308391,1467.9320058913954,15,2021
TEN,20,SF,17,1590.8959006166897,1547.3095719112855,1617.3270151273537,1520.8784574006215,16,2021
GB,24,CLE,22,1713.8699005131316,1515.8419317082369,1728.5067087958644,1501.205123425504,16,2021
IND,22,ARI,16,1610.498923708328,1545.172319143474,1635.0865497559935,1520.5846930958085,16,2021
ATL,20,DET,16,1414.439461364171,1303.6034994731442,1435.3193524220137,1282.7236084153014,16,2021
CIN,41,BAL,21,1493.5863453103404,1543.9455272656023,1528.1332963172576,1509.3985762586851,16,2021
LAR,30,MIN,23,1624.211637279896,1514.452077984223,1645.1762615954478,1493.4874536686712,16,2021
BUF,33,NE,21,1569.3130575119026,1608.9352794577183,1602.9422701532253,1575.3060668163955,16,2021
NYJ,26,JAX,21,1273.0806774646692,1216.0837819671897,1298.370330888164,1190.7941285436948,16,2021
PHI,34,NYG,10,1487.044791308391,1389.320627669882,1508.9674957954255,1367.3979231828475,16,2021
TB,32,CAR,6,1623.9433843332947,1336.9015489441551,1633.6552321979175,1327.1897010795324,16,2021
HOU,41,LAC,29,1295.2614943418926,1549.6470831054526,1344.3183016789822,1500.590275768363,16,2021
CHI,25,SEA,24,1378.8642661735896,1466.5200989783264,1416.525889600998,1428.858475550918,16,2021
KC,36,PIT,10,1731.5191768033224,1584.4575446510669,1749.6486031200143,1566.328118334375,16,2021
LV,17,DEN,13,1498.2946214780666,1446.888525779996,1524.0585943052427,1421.1245529528198,16,2021
DAL,56,WSH,14,1588.8816422149478,1467.9320058913954,1608.9734566499535,1447.8401914563897,16,2021
MIA,20,NO,3,1531.783434891256,1537.4998607549626,1562.4802765850698,1506.803019061149,16,2021
BUF,29,ATL,15,1602.9422701532253,1435.3193524220137,1619.4408027643499,1418.8208198108891,17,2021
CHI,29,NYG,3,1416.525889600998,1367.3979231828475,1442.225934805571,1341.6978779782746,17,2021
CIN,34,KC,31,1528.1332963172576,1749.6486031200143,1574.8743007644405,1702.9075986728315,17,2021
TEN,34,MIA,3,1617.3270151273537,1562.4802765850698,1642.5457746909071,1537.2615170215163,17,2021
LV,23,IND,20,1524.0585943052427,1635.0865497559935,1563.2010659669365,1595.9440780942996,17,2021
NE,50,JAX,10,1575.3060668163955,1190.7941285436948,1581.1994200436347,1184.9007753164556,17,2021
TB,28,NYJ,24,1633.6552321979175,1298.370330888164,1641.234552595004,1290.7910104910775,17,2021
PHI,20,WSH,16,1508.9674957954255,1447.8401914563897,1533.66054927001,1423.1471379818051,17,2021
LAR,20,BAL,19,1645.1762615954478,1509.3985762586851,1663.9519861709068,1490.6228516832261,17,2021
LAC,34,DEN,13,1500.590275768363,1421.1245529528198,1523.7683343615631,1397.9464943596197,17,2021
SF,23,HOU,7,1520.8784574006215,1344.3183016789822,1536.7695092398276,1328.427249839776,17,2021
ARI,25,DAL,22,1520.5846930958085,1608.9734566499535,1557.9313884096,1571.626761336162,17,2021
NO,18,CAR,10,1506.803019061149,1327.1897010795324,1522.4898432670032,1311.5028768736781,17,2021
SEA,51,DET,29,1428.858475550918,1282.7236084153014,1446.874895028618,1264.7071889376014,17,2021
GB,37,MIN,10,1728.5067087958644,1493.4874536686712,1740.7896284282042,1481.2045340363313,17,2021
PIT,26,CLE,14,1566.328118334375,1501.205123425504,1590.6884155831829,1476.8448261766962,17,2021
BUF,31,LAR,10,1619.4408027643499,1663.9519861709068,1669.8363490950205,1613.5564398402362,1,2022
NO,27,ATL,26,1522.4898432670032,1418.8208198108891,1554.2343288018349,1387.0763342760574,1,2022
CHI,19,SF,10,1442.225934805571,1536.7695092398276,1498.7980222499907,1480.1974217954078,1,2022
PIT,23,CIN,20,1590.6884155831829,1574.8743007644405,1633.3552238358707,1532.2074925117527,1,2022
PHI,38,DET,35,1533.66054927001,1264.7071889376014,1549.3362586002922,1249.0314796073192,1,2022
MIA,20,NE,7,1537.2615170215163,1581.1994200436347,1587.584489104922,1530.876447960229,1,2022
BAL,24,NYJ,9,1490.6228516832261,1290.7910104910775,1512.1172765438396,1269.296585630464,1,2022
WSH,28,JAX,22,1423.1471379818051,1184.9007753164556,1441.240326575708,1166.8075867225527,1,2022
CLE,26,CAR,24,1476.8448261766962,1311.5028768736781,1501.745053450507,1286.6026495998676,1,2022
IND,20,HOU,20,1595.9440780942996,1328.427249839776,1522.3269730006919,1402.0443549333838,1,2022
NYG,21,TEN,20,1341.6978779782746,1642.5457746909071,1417.6561438906028,1566.587508778579,1,2022
MIN,23,GB,7,1481.2045340363313,1740.7896284282042,1554.2194444360762,1667.7747180284593,1,2022
KC,44,ARI,21,1702.9075986728315,1557.9313884096,1729.9675326323838,1530.8714544500476,1,2022
LAC,24,LV,19,1523.7683343615631,1563.2010659669365,1573.5199568720884,1513.4494434564112,1,2022
TB,19,DAL,3,1641.234552595004,1571.626761336162,1677.0969560664796,1535.7643578646864,1,2022
SEA,17,DEN,16,1446.874895028618,1397.9464943596197,1485.3212037889025,1359.5001855993353,1,2022
KC,27,LAC,24,1729.9675326323838,1573.5199568720884,1755.6245493646677,1547.8629401398046,2,2022
NYJ,31,CLE,30,1269.296585630464,1501.745053450507,1339.6416524546628,1431.3999866263082,2,2022
DET,36,WSH,27,1249.0314796073192,1441.240326575708,1315.7616066099083,1374.5101995731188,2,2022
TB,20,NO,10,1677.0969560664796,1554.2343288018349,1706.4192363996929,1524.9120484686216,2,2022
NYG,19,CAR,16,1417.6561438906028,1286.6026495998676,1446.0599186640366,1258.198874826434,2,2022
NE,17,PIT,14,1530.876447960229,1633.3552238358707,1588.005546194484,1576.2261256016156,2,2022
JAX,24,IND,0,1166.8075867225527,1522.3269730006919,1245.4485949812547,1443.68596474199,2,2022
MIA,42,BAL,38,1587.584489104922,1512.1172765438396,1622.4891380146248,1477.2126276341369,2,2022
LAR,31,ATL,27,1613.5564398402362,1387.0763342760574,1632.5186935165466,1368.114080599747,2,2022
SF,27,SEA,7,1480.1974217954078,1485.3212037889025,1525.2521602245715,1440.2664653597387,2,2022
DAL,20,CIN,17,1535.7643578646864,1532.2074925117527,1579.7098295684373,1488.2620208080018,2,2022
DEN,16,HOU,9,1359.5001855993353,1402.0443549333838,1409.3100404052777,1352.2345001274414,2,2022
ARI,29,LV,23,1530.8714544500476,1513.4494434564112,1573.046899384099,1471.2739985223598,2,2022
GB,27,CHI,10,1667.7747180284593,1498.7980222499907,1692.1362040868219,1474.4365361916282,2,2022
BUF,41,TEN,7,1669.8363490950205,1566.587508778579,1701.4169876012108,1535.0068702723886,2,2022
PHI,24,MIN,7,1549.3362586002922,1554.2194444360762,1594.3602567879668,1509.1954462484016,2,2022
CLE,29,PIT,17,1431.3999866263082,1576.2261256016156,1492.887188486898,1514.738923741026,3,2022
CHI,23,HOU,20,1474.4365361916282,1352.2345001274414,1503.634920223794,1323.0361160952755,3,2022
TEN,24,LV,22,1535.0068702723886,1471.2739985223598,1571.1067888635646,1435.1740799311838,3,2022
IND,20,KC,17,1443.68596474199,1755.6245493646677,1519.3280623760581,1679.9824517305995,3,2022
MIA,21,BUF,19,1622.4891380146248,1701.4169876012108,1676.4385953606977,1647.467530255138,3,2022
MIN,28,DET,24,1509.1954462484016,1315.7616066099083,1531.0002453716827,1293.9568074866272,3,2022
BAL,37,NE,26,1477.2126276341369,1588.005546194484,1534.9175122668655,1530.3006615617553,3,2022
CIN,27,NYJ,12,1488.2620208080018,1339.6416524546628,1514.5698406937363,1313.3338325689283,3,2022
PHI,24,WSH,8,1594.3602567879668,1374.5101995731188,1613.7658870748007,1355.104569286285,3,2022
CAR,22,NO,14,1258.198874826434,1524.9120484686216,1330.7684243991907,1452.3424988958648,3,2022
JAX,38,LAC,10,1245.4485949812547,1547.8629401398046,1320.4885673133977,1472.8229678076616,3,2022
LAR,20,ARI,12,1632.5186935165466,1573.046899384099,1669.1428116970094,1536.4227812036363,3,2022
ATL,27,SEA,23,1368.114080599747,1440.2664653597387,1421.242957511777,1387.1375884477088,3,2022
GB,14,TB,12,1692.1362040868219,1706.4192363996929,1738.0481288091128,1660.507311677402,3,2022
DEN,11,SF,10,1409.3100404052777,1525.2521602245715,1467.6035748983998,1466.9586257314495,3,2022
DAL,23,NYG,16,1579.7098295684373,1446.0599186640366,1607.6356758937652,1418.1340723387086,3,2022
CIN,27,MIA,15,1514.5698406937363,1676.4385953606977,1577.4174612872557,1613.5909747671783,4,2022
MIN,28,NO,25,1531.0002453716827,1452.3424988958648,1565.0501491675238,1418.2925951000236,4,2022
ATL,23,CLE,20,1421.242957511777,1492.887188486898,1473.9490192190533,1440.1811267796215,4,2022
DAL,25,WSH,10,1607.6356758937652,1355.104569286285,1624.230177503702,1338.5100676763482,4,2022
SEA,48,DET,45,1387.1375884477088,1293.9568074866272,1419.4643856168482,1261.6300103174879,4,2022
TEN,24,IND,17,1571.1067888635646,1519.3280623760581,1608.4271251336204,1482.0077261060023,4,2022
NYG,20,CHI,12,1418.1340723387086,1503.634920223794,1472.5004216166512,1449.2685709458515,4,2022
PHI,29,JAX,21,1613.7658870748007,1320.4885673133977,1627.4321390435057,1306.8223153446927,4,2022
NYJ,24,PIT,20,1313.3338325689283,1514.738923741026,1380.0167223703445,1448.0560339396097,4,2022
BUF,23,BAL,20,1647.467530255138,1534.9175122668655,1677.555080197605,1504.8299623243984,4,2022
LAC,34,HOU,24,1472.8229678076616,1323.0361160952755,1498.8288718611498,1297.0302120417873,4,2022
ARI,26,CAR,16,1536.4227812036363,1330.7684243991907,1556.95290661239,1310.238298990437,4,2022
GB,27,NE,24,1738.0481288091128,1530.3006615617553,1758.3894682149792,1509.959322155889,4,2022
LV,32,DEN,23,1435.1740799311838,1467.6035748983998,1483.0505224579822,1419.7271323716013,4,2022
KC,41,TB,31,1679.9824517305995,1660.507311677402,1721.329856512697,1619.1599068953044,4,2022
SF,24,LAR,9,1466.9586257314495,1669.1428116970094,1533.712841681212,1602.3885957472467,4,2022
IND,12,DEN,9,1482.0077261060023,1419.7271323716013,1517.7924676264079,1383.9423908511958,5,2022
NYG,27,GB,22,1472.5004216166512,1758.3894682149792,1545.4334223201827,1685.4564675114477,5,2022
BUF,38,PIT,3,1677.555080197605,1448.0560339396097,1695.8803156523109,1429.730798484904,5,2022
LAC,30,CLE,28,1498.8288718611498,1440.1811267796215,1535.0549513663675,1403.9550472744038,5,2022
MIN,29,CHI,22,1565.0501491675238,1449.2685709458515,1594.5677448425288,1419.7509752708465,5,2022
NE,29,DET,0,1509.959322155889,1261.6300103174879,1526.7657078307468,1244.82362464263,5,2022
NO,39,SEA,32,1418.2925951000236,1419.4643856168482,1461.9393063073223,1375.8176744095495,5,2022
NYJ,40,MIA,17,1380.0167223703445,1613.5909747671783,1449.0285218294352,1544.5791753080875,5,2022
TB,21,ATL,15,1619.1599068953044,1473.9490192190533,1645.4685998061127,1447.640326308245,5,2022
TEN,21,WSH,17,1608.4271251336204,1338.5100676763482,1623.6123480913589,1323.3248447186097,5,2022
HOU,13,JAX,6,1297.0302120417873,1306.8223153446927,1341.7558888672997,1262.0966385191803,5,2022
SF,37,CAR,15,1533.712841681212,1310.238298990437,1552.544765237559,1291.40637543409,5,2022
DAL,22,LAR,10,1624.230177503702,1602.3885957472467,1664.9991412951435,1561.619631955805,5,2022
PHI,20,ARI,17,1627.4321390435057,1556.95290661239,1662.2270033831574,1522.1580422727384,5,2022
BAL,19,CIN,17,1504.8299623243984,1577.4174612872557,1557.288178059287,1524.959245552367,5,2022
KC,30,LV,29,1721.329856512697,1483.0505224579822,1738.9346565452026,1465.4457224254766,5,2022
WSH,12,CHI,7,1323.3248447186097,1419.7509752708465,1378.2157895812388,1364.8600304082174,6,2022
ATL,28,SF,14,1447.640326308245,1552.544765237559,1503.5016537969389,1496.6834377488651,6,2022
NE,38,CLE,15,1526.7657078307468,1403.9550472744038,1555.301210766969,1375.4195443381816,6,2022
NYJ,27,GB,10,1449.0285218294352,1685.4564675114477,1517.7960386524337,1616.6889506884493,6,2022
IND,34,JAX,27,1517.7924676264079,1262.0966385191803,1533.91932674783,1245.9697793977582,6,2022
MIN,24,MIA,16,1594.5677448425288,1544.5791753080875,1631.5947237310909,1507.5521964195254,6,2022
CIN,30,NO,26,1524.959245552367,1461.9393063073223,1560.408191431454,1426.4903604282354,6,2022
NYG,24,BAL,20,1545.4334223201827,1557.288178059287,1590.1068660859419,1512.6147342935278,6,2022
PIT,20,TB,18,1429.730798484904,1645.4685998061127,1496.767887665426,1578.4315106255906,6,2022
LAR,24,CAR,10,1561.619631955805,1291.40637543409,1576.6789159216603,1276.3470914682348,6,2022
SEA,19,ARI,9,1375.8176744095495,1522.1580422727384,1436.208772917239,1461.7669437650488,6,2022
BUF,24,KC,20,1695.8803156523109,1738.9346565452026,1744.4064397275802,1690.4085324699333,6,2022
PHI,26,DAL,17,1662.2270033831574,1664.9991412951435,1705.7716825741734,1621.4544621041275,6,2022
LAC,19,DEN,16,1535.0549513663675,1383.9423908511958,1560.5671915331534,1358.43015068441,6,2022
ARI,42,NO,34,1461.7669437650488,1426.4903604282354,1500.3260347691014,1387.9312694241828,7,2022
CIN,35,ATL,17,1560.408191431454,1503.5016537969389,1596.3437603251857,1467.5660849032072,7,2022
DAL,24,DET,6,1621.4544621041275,1244.82362464263,1630.2623019838745,1236.015784762883,7,2022
TEN,19,IND,10,1623.6123480913589,1533.91932674783,1655.677045479568,1501.8546293596207,7,2022
WSH,23,GB,21,1378.2157895812388,1616.6889506884493,1446.6692610567388,1548.2354792129493,7,2022
CAR,21,TB,3,1276.3470914682348,1578.4315106255906,1349.3244602305176,1505.4541418633078,7,2022
NYG,23,JAX,17,1590.1068660859419,1245.9697793977582,1600.5067669648697,1235.5698785188304,7,2022
BAL,23,CLE,20,1512.6147342935278,1375.4195443381816,1539.4032462909709,1348.6310323407386,7,2022
NYJ,16,DEN,9,1517.7960386524337,1358.43015068441,1542.2911890936775,1333.935000243166,7,2022
LV,38,HOU,20,1465.4457224254766,1341.7558888672997,1493.6870969539339,1313.5145143388424,7,2022
SEA,37,LAC,23,1436.208772917239,1560.5671915331534,1493.840266131292,1502.9356983191003,7,2022
KC,44,SF,23,1690.4085324699333,1496.6834377488651,1711.593243856755,1475.4987263620435,7,2022
MIA,16,PIT,10,1507.5521964195254,1496.767887665426,1549.1210192440024,1455.1990648409492,7,2022
CHI,33,NE,14,1364.8600304082174,1555.301210766969,1429.1722874380093,1490.988953737177,7,2022
BAL,27,TB,22,1539.4032462909709,1505.4541418633078,1577.8538540228794,1467.0035341313992,8,2022
DEN,21,JAX,17,1333.935000243166,1235.5698785188304,1364.7864310754578,1204.7184476865386,8,2022
ATL,37,CAR,34,1467.5660849032072,1349.3244602305176,1496.203122305659,1320.6874228280658,8,2022
DAL,49,CHI,29,1630.2623019838745,1429.1722874380093,1650.6344418823192,1408.8001475395647,8,2022
MIA,31,DET,27,1549.1210192440024,1236.015784762883,1561.1820815728072,1223.9547224340781,8,2022
MIN,34,ARI,26,1631.5947237310909,1500.3260347691014,1658.824038462363,1473.0967200378293,8,2022
NO,24,LV,0,1387.9312694241828,1493.6870969539339,1443.112100340866,1438.5062660372507,8,2022
NE,22,NYJ,17,1490.988953737177,1542.2911890936775,1539.8339356652748,1493.4462071655798,8,2022
PHI,35,PIT,13,1705.7716825741734,1455.1990648409492,1722.0595475681678,1438.9111998469548,8,2022
TEN,17,HOU,10,1655.677045479568,1313.5145143388424,1666.1078199278898,1303.0837398905207,8,2022
WSH,17,IND,16,1446.6692610567388,1501.8546293596207,1495.9793508092691,1452.5445396070904,8,2022
SF,31,LAR,14,1475.4987263620435,1576.6789159216603,1530.1654877379735,1522.0121545457303,8,2022
SEA,27,NYG,13,1493.840266131292,1600.5067669648697,1549.1229394342708,1545.224093661891,8,2022
BUF,27,GB,17,1744.4064397275802,1548.2354792129493,1765.2207473544197,1527.4211715861097,8,2022
CLE,32,CIN,13,1348.6310323407386,1596.3437603251857,1417.3251811132632,1527.649611552661,8,2022
PHI,29,HOU,17,1722.0595475681678,1303.0837398905207,1729.0200883528908,1296.1231991057978,9,2022
LAC,20,ATL,17,1502.9356983191003,1496.203122305659,1544.4161152473046,1454.7227053774548,9,2022
MIA,35,CHI,32,1561.1820815728072,1408.8001475395647,1586.034372242167,1383.947856870205,9,2022
CIN,42,CAR,21,1527.649611552661,1320.6874228280658,1547.3625942024628,1300.974440178264,9,2022
DET,15,GB,9,1223.9547224340781,1527.4211715861097,1295.9967431322943,1455.3791508878935,9,2022
NE,26,IND,3,1539.8339356652748,1452.5445396070904,1571.7246222332947,1420.6538530390706,9,2022
NYJ,20,BUF,17,1493.4462071655798,1765.2207473544197,1563.409764584023,1695.2571899359766,9,2022
MIN,20,WSH,17,1658.824038462363,1495.9793508092691,1682.6325032388838,1472.1708860327483,9,2022
JAX,27,LV,20,1204.7184476865386,1438.5062660372507,1271.8435253176651,1371.3811884061242,9,2022
SEA,31,ARI,21,1549.1229394342708,1473.0967200378293,1582.311769269908,1439.9078902021922,9,2022
TB,16,LAR,13,1467.0035341313992,1522.0121545457303,1515.9453830365255,1473.070305640604,9,2022
KC,20,TEN,17,1711.593243856755,1666.1078199278898,1748.386853359008,1629.3142104256367,9,2022
BAL,27,NO,13,1577.8538540228794,1443.112100340866,1604.524952757746,1416.4410016059994,9,2022
CAR,25,ATL,15,1300.974440178264,1454.7227053774548,1360.4352527860215,1395.2618927696974,10,2022
TB,21,SEA,16,1515.9453830365255,1582.311769269908,1565.87195718313,1532.3851951233034,10,2022
MIN,33,BUF,30,1682.6325032388838,1695.2571899359766,1726.157976214506,1651.7317169603543,10,2022
DET,31,CHI,30,1295.9967431322943,1383.947856870205,1348.407344489285,1331.5372555132144,10,2022
TEN,17,DEN,10,1629.3142104256367,1364.7864310754578,1644.3550624491095,1349.745579051985,10,2022
KC,27,JAX,17,1748.386853359008,1271.8435253176651,1753.4664692175663,1266.7639094591068,10,2022
MIA,39,CLE,17,1586.034372242167,1417.3251811132632,1609.104780900374,1394.2547724550561,10,2022
NYG,24,HOU,16,1545.224093661891,1296.1231991057978,1561.3928778715203,1279.9544148961684,10,2022
PIT,20,NO,10,1438.9111998469548,1416.4410016059994,1478.1986547534436,1377.1535466995106,10,2022
IND,25,LV,20,1420.6538530390706,1371.3811884061242,1456.7371051736652,1335.2979362715296,10,2022
GB,31,DAL,28,1455.3791508878935,1650.6344418823192,1518.7761502733513,1587.2374424968614,10,2022
ARI,27,LAR,17,1439.9078902021922,1473.070305640604,1485.9046224962742,1427.073573346522,10,2022
SF,22,LAC,16,1530.1654877379735,1544.4161152473046,1573.8872196505665,1500.6943833347116,10,2022
WSH,32,PHI,21,1472.1708860327483,1729.0200883528908,1540.5764865896392,1660.6144877959998,10,2022
TEN,27,GB,17,1644.3550624491095,1518.7761502733513,1671.6065821404202,1491.5246305820406,11,2022
ATL,27,CHI,24,1395.2618927696974,1331.5372555132144,1429.3981457430068,1297.401002539905,11,2022
BUF,31,CLE,23,1651.7317169603543,1394.2547724550561,1667.1692173700212,1378.8172720453892,11,2022
PHI,17,IND,16,1660.6144877959998,1456.7371051736652,1680.3137862063452,1437.0378067633198,11,2022
NE,10,NYJ,3,1571.7246222332947,1563.409764584023,1612.4268448099463,1522.7075420073713,11,2022
NO,27,LAR,20,1377.1535466995106,1427.073573346522,1424.8041678795364,1379.422952166496,11,2022
DET,31,NYG,18,1348.407344489285,1561.3928778715203,1412.8859950504727,1496.9142273103325,11,2022
BAL,13,CAR,3,1604.524952757746,1360.4352527860215,1620.9555143304503,1344.004691213317,11,2022
WSH,23,HOU,10,1540.5764865896392,1279.9544148961684,1555.7875259919854,1264.7433754938222,11,2022
LV,22,DEN,16,1335.2979362715296,1349.745579051985,1378.7309760265794,1306.3125392969353,11,2022
DAL,40,MIN,3,1587.2374424968614,1726.157976214506,1644.7757990900202,1668.6196196213473,11,2022
CIN,37,PIT,30,1547.3625942024628,1478.1986547534436,1580.8693276076324,1444.691921348274,11,2022
KC,30,LAC,27,1753.4664692175663,1500.6943833347116,1769.2475873364535,1484.9132652158244,11,2022
SF,38,ARI,10,1573.8872196505665,1485.9046224962742,1605.247433266054,1454.5444088807867,11,2022
BUF,28,DET,25,1667.1692173700212,1412.8859950504727,1682.7266006018026,1397.3286118186913,12,2022
DAL,28,NYG,20,1644.7757990900202,1496.9142273103325,1669.548702588775,1472.1413238115776,12,2022
MIN,33,NE,26,1668.6196196213473,1612.4268448099463,1703.3815372194972,1577.6649272117963,12,2022
CLE,23,TB,17,1378.8172720453892,1565.87195718313,1440.5763744541227,1504.1128547743965,12,2022
CIN,20,TEN,16,1580.8693276076324,1671.6065821404202,1632.8421766888525,1619.6337330592,12,2022
MIA,30,HOU,15,1609.104780900374,1264.7433754938222,1619.129665647576,1254.71849074662,12,2022
NYJ,31,CHI,10,1522.7075420073713,1297.401002539905,1540.4826835232864,1279.62586102399,12,2022
WSH,19,ATL,13,1555.7875259919854,1429.3981457430068,1582.7580800069798,1402.4275917280124,12,2022
CAR,23,DEN,10,1344.004691213317,1306.3125392969353,1380.9308779969424,1269.38635251331,12,2022
JAX,28,BAL,27,1266.7639094591068,1620.9555143304503,1340.0270279153733,1547.6923958741838,12,2022
LAC,25,ARI,24,1484.9132652158244,1454.5444088807867,1522.7037372899904,1416.7539368066207,12,2022
LV,40,SEA,34,1378.7309760265794,1532.3851951233034,1437.3330778477577,1473.783093302125,12,2022
KC,26,LAR,10,1769.2475873364535,1379.422952166496,1777.1854013089915,1371.4851381939582,12,2022
SF,13,NO,0,1605.247433266054,1424.8041678795364,1626.8911897068992,1403.1604114386912,12,2022
PHI,40,GB,33,1680.3137862063452,1491.5246305820406,1701.1983729820233,1470.6400438063624,12,2022
PIT,24,IND,17,1444.691921348274,1437.0378067633198,1485.1800139253455,1396.5497141862484,12,2022
BUF,24,NE,10,1682.7266006018026,1577.6649272117963,1711.7637542078844,1548.6277736057145,13,2022
PIT,19,ATL,16,1485.1800139253455,1402.4275917280124,1516.671798468028,1370.9358071853298,13,2022
GB,28,CHI,19,1470.6400438063624,1279.62586102399,1491.1753478570126,1259.0905569733397,13,2022
DET,40,JAX,14,1397.3286118186913,1340.0270279153733,1431.7109025085044,1305.6447372255602,13,2022
MIN,27,NYJ,22,1703.3815372194972,1540.4826835232864,1726.509401822951,1517.3548189198325,13,2022
WSH,20,NYG,20,1582.7580800069798,1472.1413238115776,1528.9975565380576,1525.9018472804999,13,2022
PHI,35,TEN,10,1701.1983729820233,1619.6337330592,1732.8230932955428,1588.0090127456806,13,2022
BAL,10,DEN,9,1547.6923958741838,1269.38635251331,1561.476853055066,1255.6018953324278,13,2022
CLE,27,HOU,14,1440.5763744541227,1254.71849074662,1461.5723216513861,1233.7225435493567,13,2022
SEA,27,LAR,23,1473.783093302125,1371.4851381939582,1503.1197117634401,1342.148519732643,13,2022
SF,33,MIA,17,1626.8911897068992,1619.129665647576,1667.0731905233683,1578.947664831107,13,2022
CIN,27,KC,24,1632.8421766888525,1777.1854013089915,1690.0983029168706,1719.9292750809732,13,2022
LV,27,LAC,20,1437.3330778477577,1522.7037372899904,1488.3335711108493,1471.7032440268988,13,2022
DAL,54,IND,19,1669.548702588775,1396.5497141862484,1683.687221701748,1382.4111950732754,13,2022
TB,17,NO,16,1504.1128547743965,1403.1604114386912,1533.5957636426829,1373.6775025704048,13,2022
LAR,17,LV,16,1342.148519732643,1488.3335711108493,1399.1692036871311,1431.3128871563613,14,2022
BUF,20,NYJ,12,1711.7637542078844,1517.3548189198325,1731.851782449639,1497.266790678078,14,2022
CIN,23,CLE,10,1690.0983029168706,1461.5723216513861,1707.3622300558209,1444.3083945124358,14,2022
DAL,27,HOU,23,1683.687221701748,1233.7225435493567,1689.3805747101521,1228.0291905409526,14,2022
DET,34,MIN,23,1431.7109025085044,1726.509401822951,1500.6744948593036,1657.5458094721519,14,2022
JAX,36,TEN,22,1305.6447372255602,1588.0090127456806,1373.8248975008264,1519.8288524704144,14,2022
PHI,48,NYG,22,1732.8230932955428,1525.9018472804999,1751.8404713212615,1506.8844692547812,14,2022
BAL,16,PIT,14,1561.476853055066,1516.671798468028,1597.0442876902216,1481.1043638328724,14,2022
KC,34,DEN,28,1719.9292750809732,1255.6018953324278,1725.2000265373472,1250.3311438760538,14,2022
SF,35,TB,7,1667.0731905233683,1533.5957636426829,1692.9268813881172,1507.742072777934,14,2022
CAR,30,SEA,24,1380.9308779969424,1503.1197117634401,1435.5160336889403,1448.5345560714422,14,2022
LAC,23,MIA,17,1471.7032440268988,1578.947664831107,1524.7118499776832,1525.9390588803226,14,2022
NE,27,ARI,13,1548.6277736057145,1416.7539368066207,1574.6447807241084,1390.7369296882268,14,2022
SF,21,SEA,13,1692.9268813881172,1448.5345560714422,1708.8623103194118,1432.5991271401476,15,2022
MIN,39,IND,36,1657.5458094721519,1382.4111950732754,1671.3366813966338,1368.6203231487934,15,2022
CLE,13,BAL,3,1444.3083945124358,1597.0442876902216,1501.5478742887321,1539.8048079139253,15,2022
BUF,32,MIA,29,1731.851782449639,1525.9390588803226,1750.8135094858521,1506.9773318441094,15,2022
PHI,25,CHI,20,1751.8404713212615,1259.0905569733397,1756.3265381739945,1254.6044901206067,15,2022
NO,21,ATL,18,1373.6775025704048,1370.9358071853298,1413.8579142411456,1330.755395514589,15,2022
DET,20,NYJ,17,1500.6744948593036,1497.266790678078,1540.7772770736935,1457.164008463688,15,2022
PIT,24,CAR,16,1481.1043638328724,1435.5160336889403,1516.3204959406855,1400.2999015811272,15,2022
JAX,40,DAL,34,1373.8248975008264,1689.3805747101521,1443.4965420189167,1619.7089301920619,15,2022
KC,30,HOU,24,1725.2000265373472,1228.0291905409526,1729.5794632092116,1223.6497538690883,15,2022
DEN,24,ARI,15,1250.3311438760538,1390.7369296882268,1306.361636417668,1334.7064371466126,15,2022
LV,30,NE,24,1431.3128871563613,1574.6447807241084,1487.6333709154383,1518.3242969650314,15,2022
LAC,17,TEN,14,1524.7118499776832,1519.8288524704144,1564.6426843904408,1479.8980180576568,15,2022
CIN,34,TB,23,1707.3622300558209,1507.742072777934,1726.8550756231125,1488.2492272106424,15,2022
NYG,20,WSH,12,1506.8844692547812,1528.9975565380576,1549.9586807938028,1485.9233449990359,15,2022
GB,24,LAR,12,1491.1753478570126,1399.1692036871311,1521.1942072813974,1369.1503442627463,15,2022
JAX,19,NYJ,3,1443.4965420189167,1457.164008463688,1485.2771196452989,1415.383430837306,16,2022
BUF,35,CHI,13,1750.8135094858521,1254.6044901206067,1755.183328745743,1250.2346708607158,16,2022
NO,17,CLE,10,1413.8579142411456,1501.5478742887321,1463.9939814528395,1451.4118070770382,16,2022
KC,24,SEA,10,1729.5794632092116,1432.5991271401476,1741.8984543415982,1420.280136007761,16,2022
MIN,27,NYG,24,1671.3366813966338,1549.9586807938028,1698.0374214638207,1523.257940726616,16,2022
CIN,22,NE,18,1726.8550756231125,1518.3242969650314,1745.4599674792933,1499.7194051088507,16,2022
CAR,37,DET,23,1400.2999015811272,1540.7772770736935,1455.9224181128966,1485.1547605419241,16,2022
BAL,17,ATL,9,1539.8048079139253,1330.755395514589,1558.3670424838926,1312.1931609446217,16,2022
HOU,19,TEN,14,1223.6497538690883,1479.8980180576568,1289.0815923014245,1414.4661796253206,16,2022
SF,37,WSH,20,1708.8623103194118,1485.9233449990359,1726.307682761929,1468.4779725565186,16,2022
DAL,40,PHI,34,1619.7089301920619,1756.3265381739945,1674.9489694712363,1701.0864988948201,16,2022
PIT,13,LV,10,1516.3204959406855,1487.6333709154383,1553.208777449206,1450.7450894069177,16,2022
GB,26,MIA,20,1521.1942072813974,1506.9773318441094,1559.7501626122778,1468.421376513229,16,2022
LAR,51,DEN,14,1369.1503442627463,1306.361636417668,1402.1634541875173,1273.348526492897,16,2022
TB,19,ARI,16,1488.2492272106424,1334.7064371466126,1511.7564054080503,1311.1992589492047,16,2022
LAC,20,IND,3,1564.6426843904408,1368.6203231487934,1584.2970547291366,1348.9659528100974,16,2022
DAL,27,TEN,13,1674.9489694712363,1414.4661796253206,1689.5129606760504,1399.9021884205065,17,2022
ATL,20,ARI,19,1312.1931609446217,1311.1992589492047,1351.979020128041,1271.4133997657855,17,2022
DET,41,CHI,10,1485.1547605419241,1250.2346708607158,1501.5531160786459,1233.836315323994,17,2022
KC,27,DEN,24,1741.8984543415982,1273.348526492897,1746.9369752523444,1268.3100055821508,17,2022
NE,23,MIA,21,1499.7194051088507,1468.421376513229,1536.0347857846068,1432.1059958374728,17,2022
NYG,38,IND,10,1523.257940726616,1348.9659528100974,1544.667646315753,1327.5562472209604,17,2022
NO,20,PHI,10,1463.9939814528395,1701.0864988948201,1527.5579551663438,1637.5225251813158,17,2022
TB,30,CAR,24,1511.7564054080503,1455.9224181128966,1545.298984240249,1422.379839280698,17,2022
CLE,24,WSH,10,1451.4118070770382,1468.4779725565186,1493.2701351792216,1426.6196444543352,17,2022
JAX,31,HOU,3,1485.2771196452989,1289.0815923014245,1504.7701272324314,1269.588584714292,17,2022
SF,37,LV,34,1726.307682761929,1450.7450894069177,1739.8664945090168,1437.18627765983,17,2022
SEA,23,NYJ,6,1420.280136007761,1415.383430837306,1459.6178286074091,1376.0457382376578,17,2022
GB,41,MIN,17,1559.7501626122778,1698.0374214638207,1614.7425714323667,1643.0450126437318,17,2022
LAC,31,LAR,10,1584.2970547291366,1402.1634541875173,1605.0070508354975,1381.4534580811564,17,2022
PIT,16,BAL,13,1553.208777449206,1558.3670424838926,1593.701116468658,1517.8747034644407,17,2022
